{"position":{"x":-0.9000004529953003,"y":-2.200000047683716,"z":0.0}}